"","breed","parity","kgmilk","cellcount","cowid","InCalf"
"1","Jersey","1",13.2,20,"56700527","1"
"2","Jersey","1",13.7,20,"56700528","0"
"3","Jersey","1",13.9,20,"56700531","1"
"4","Jersey","1",16.7,20,"56700533","0"
"5","Jersey","4",22.8,30,"59000581","0"
"6","Jersey","4",11.8,130,"59000683","1"
"7","Jersey","1",16.2,960,"61910449","0"
"8","Jersey","1",13.2,530,"61910451","1"
"9","Jersey","1",15.2,70,"61910453","1"
"10","Jersey","1",13.8,110,"61910460","1"
"11","Jersey","6",14.8,180,"62950341","1"
"12","Jersey","5",26,300,"62950356","1"
"13","Jersey","3",12.4,1270,"63590395","0"
"14","Holstein-Friesian","1",15,20,"66210685","1"
"15","Jersey","4",12.8,100,"67650531","0"
"16","Jersey","3",21.4,290,"68770581","1"
"17","Jersey","3",23.6,110,"68770582","1"
"18","Jersey","2",10.8,510,"68770583","0"
"19","Jersey","2",7.2,370,"68770584","1"
"20","Jersey","2",18.6,50,"68770589","0"
"21","Jersey","2",18.4,120,"68770590","0"
"22","Jersey","2",9.6,70,"68770591","0"
"23","Jersey","1",10.4,60,"68770594","0"
"24","Jersey","1",12.4,100,"68770596","1"
"25","Jersey","3",15.2,480,"68770600","1"
"26","Jersey","3",15.4,480,"68770601","0"
"27","Jersey","3",20.4,70,"68770602","0"
"28","Jersey","1",9.6,200,"68770605","1"
"29","Jersey","1",12.8,220,"68770606","1"
"30","Jersey","1",15.8,580,"68770607","1"
"31","Jersey","1",14.2,50,"68770610","0"
"32","Jersey","1",16.8,80,"68770612","1"
"33","Jersey","1",15.4,330,"68770622","1"
"34","Jersey","4",12.4,80,"68770673","0"
"35","Jersey","3",13.4,150,"68770677","0"
"36","Jersey","3",15.8,150,"68770679","1"
"37","Holstein-Friesian","4",15.3,1060,"70700486","0"
"38","Friesian","2",8.8,580,"72560450","0"
"39","Friesian","4",23.2,280,"79030233","1"
"40","Friesian","3",10,680,"79030246","1"
"41","Friesian","3",19.8,110,"79030255","1"
"42","Friesian","3",22.4,100,"79030270","1"
"43","Friesian","3",21.2,110,"79030288","1"
"44","Friesian","2",17.2,270,"79030296","0"
"45","Friesian","2",17.6,200,"79030317","1"
"46","Friesian","2",18.4,20,"79030321","1"
"47","Friesian","2",12.8,160,"79030322","0"
"48","Friesian","2",23.6,40,"79030326","1"
"49","Friesian","2",27.6,30,"79030328","0"
"50","Friesian","2",18,110,"79030331","1"
"51","Friesian","2",22,110,"79030336","1"
"52","Friesian","2",20.2,110,"79030337","0"
"53","Friesian","2",21.2,100,"79030339","1"
"54","Friesian","2",17,2310,"79030341","0"
"55","Friesian","2",19.6,280,"79030345","1"
"56","Friesian","2",23.6,290,"79030349","1"
"57","Friesian","2",27.2,30,"79030361","0"
"58","Guernsey","1",8.2,150,"79030362","1"
"59","Friesian","2",26.6,570,"79030364","1"
"60","Friesian","1",17.4,130,"79030365","1"
"61","Guernsey","1",19.2,20,"79030366","1"
"62","Guernsey","1",10.8,80,"79030373","1"
"63","Friesian","1",20.2,180,"79030374","0"
"64","Friesian","1",27,70,"79030375","1"
"65","Friesian","1",19.2,140,"79030385","1"
"66","Friesian","1",10.4,430,"79030386","0"
"67","Friesian","1",23.2,30,"79030389","1"
"68","Friesian","2",12.4,1510,"79030393","1"
"69","Friesian","1",22,100,"79030394","0"
"70","Friesian","1",24.4,90,"79030400","1"
"71","Friesian","1",24,240,"79030401","0"
"72","Friesian","1",21.4,20,"79030405","0"
"73","Friesian","1",21.6,30,"79030410","1"
"74","Friesian","1",27.8,70,"79030413","1"
"75","Friesian","1",27.2,10,"79030415","0"
"76","Jersey","1",18,50,"79030416","0"
"77","Friesian","1",23.2,100,"79030417","1"
"78","Friesian","1",24,30,"79030422","0"
"79","Friesian","1",12.6,110,"79030443","0"
"80","Friesian","1",9.8,80,"79030455","1"
"81","Jersey","3",15.4,50,"79160381","1"
"82","Jersey","6",19.1,10,"80050400","1"
"83","Friesian","2",23,140,"80950566","1"
"84","Jersey","8",16.2,290,"81870316","0"
"85","Guernsey","4",27.3,4330,"83300590","1"
"86","Holstein-Friesian","3",17.2,220,"83300597","0"
"87","Holstein-Friesian","4",32.3,1060,"83300622","1"
"88","Holstein-Friesian","3",33,150,"83300623","0"
"89","Holstein-Friesian","3",20.6,110,"83300631","1"
"90","Jersey","3",6.1,240,"83300633","0"
"91","Jersey","3",23.5,650,"83300645","1"
"92","Jersey","3",28.7,10,"83300652","1"
"93","Guernsey","2",22.2,30,"83300653","1"
"94","Holstein-Friesian","2",4.7,840,"83300661","1"
"95","Holstein-Friesian","3",25.4,40,"83300664","1"
"96","Holstein-Friesian","2",8,1380,"83300668","1"
"97","Holstein-Friesian","2",12.1,260,"83300676","1"
"98","Holstein-Friesian","2",16.2,40,"83300687","1"
"99","Guernsey","2",14,70,"83300693","1"
"100","Jersey","2",19.8,1,"83300694","0"
"101","Holstein-Friesian","2",12,240,"83300702","1"
"102","Holstein-Friesian","2",21.2,1100,"83300703","1"
"103","Holstein-Friesian","2",28.2,160,"83300708","1"
"104","Guernsey","2",26.8,40,"83300710","1"
"105","Holstein-Friesian","2",22.8,70,"83300712","1"
"106","Holstein-Friesian","2",31.1,150,"83300715","0"
"107","Jersey","2",22.4,1,"83300721","1"
"108","Holstein-Friesian","2",26.6,10,"83300723","0"
"109","Holstein-Friesian","1",22.5,860,"83300724","1"
"110","Jersey","1",18.2,10,"83300729","0"
"111","Jersey","1",4,200,"83300730","1"
"112","Holstein-Friesian","2",29.5,170,"83300735","0"
"113","Holstein-Friesian","1",17,1,"83300736","1"
"114","Jersey","2",22.1,1,"83300738","0"
"115","Holstein-Friesian","1",10.5,130,"83300742","0"
"116","Holstein-Friesian","1",13.2,80,"83300743","1"
"117","Jersey","1",11,20,"83300750","0"
"118","Holstein-Friesian","1",23,160,"83300751","1"
"119","Jersey","2",21.4,50,"83300752","0"
"120","Jersey","1",7,90,"83300753","1"
"121","Holstein-Friesian","1",20.1,70,"83300759","1"
"122","Holstein-Friesian","1",18.8,100,"83300766","1"
"123","Holstein-Friesian","1",24.6,20,"83300770","0"
"124","Holstein-Friesian","1",27.2,10,"83300776","0"
"125","Jersey","1",18.1,10,"83300781","1"
"126","Jersey","1",16.3,70,"83300782","0"
"127","Jersey","1",20.3,150,"83300783","1"
"128","Holstein-Friesian","1",23.3,10,"83300786","1"
"129","Holstein-Friesian","1",20.1,1540,"83300787","0"
"130","Holstein-Friesian","1",20.7,100,"83300788","0"
"131","Jersey","6",21.2,20,"83360365","1"
"132","Jersey","6",13.8,190,"86430401","1"
"133","Jersey","5",18.6,90,"86430445","1"
"134","Jersey","5",11.8,80,"86430455","0"
"135","Jersey","6",25.2,10,"86430464","1"
"136","Jersey","4",15.6,70,"86430485","1"
"137","Jersey","4",14.6,50,"86430493","0"
"138","Jersey","4",15.4,50,"86430500","0"
"139","Jersey","4",18,20,"86430509","0"
"140","Jersey","4",20.8,30,"86430520","0"
"141","Jersey","4",21.5,320,"86430531","0"
"142","Jersey","3",16.4,820,"86430538","0"
"143","Jersey","4",30.2,460,"86430539","1"
"144","Jersey","4",18,10,"86430544","0"
"145","Jersey","4",19.2,100,"86430548","0"
"146","Jersey","3",15.2,20,"86430580","1"
"147","Jersey","3",19,60,"86430583","0"
"148","Jersey","3",9.6,290,"86430588","1"
"149","Jersey","3",18.4,580,"86430590","1"
"150","Jersey","3",15,20,"86430594","0"
"151","Jersey","3",18.8,1,"86430598","1"
"152","Jersey","3",18.8,230,"86430603","1"
"153","Jersey","3",15.4,50,"86430607","1"
"154","Jersey","3",11,50,"86430612","1"
"155","Jersey","3",22,1,"86430625","1"
"156","Jersey","3",18.4,1060,"86430648","1"
"157","Jersey","2",17.6,150,"86430650","1"
"158","Jersey","2",14.6,110,"86430652","1"
"159","Jersey","2",9,270,"86430654","1"
"160","Jersey","3",21.8,40,"86430657","1"
"161","Jersey","2",15,410,"86430660","1"
"162","Jersey","2",19.4,300,"86430663","1"
"163","Jersey","2",12,350,"86430666","1"
"164","Jersey","2",21.2,10,"86430672","1"
"165","Jersey","2",11.2,180,"86430676","1"
"166","Jersey","2",23.2,140,"86430694","0"
"167","Jersey","2",14.4,30,"86430700","1"
"168","Jersey","1",13.6,40,"86430701","1"
"169","Jersey","1",13.6,520,"86430702","0"
"170","Jersey","1",9.8,490,"86430703","1"
"171","Jersey","2",19.9,30,"86430707","0"
"172","Jersey","1",17.6,30,"86430715","0"
"173","Jersey","1",13.6,70,"86430717","0"
"174","Jersey","1",15.8,270,"86430722","1"
"175","Jersey","1",13,280,"86430730","1"
"176","Jersey","1",19,30,"86430733","1"
"177","Jersey","1",14.8,100,"86430748","0"
"178","Jersey","1",15.8,120,"86430753","1"
"179","Jersey","1",16.2,40,"86430757","0"
"180","Jersey","1",16.4,30,"86430760","0"
"181","Jersey","1",17.4,270,"86430767","0"
"182","Holstein-Friesian","4",26.2,203,"91460378","0"
"183","Holstein-Friesian","4",24.8,99,"91460389","1"
"184","Holstein-Friesian","3",14.4,398,"91460395","1"
"185","Holstein-Friesian","3",9.8,135,"91460402","1"
"186","Holstein-Friesian","3",17.8,655,"91460408","1"
"187","Holstein-Friesian","3",28.6,38,"91460410","0"
"188","Holstein-Friesian","2",20.6,68,"91460417","1"
"189","Holstein-Friesian","2",13.8,2939,"91460419","0"
"190","Holstein-Friesian","2",23.2,1093,"91460420","0"
"191","Holstein-Friesian","2",21.8,33,"91460422","1"
"192","Holstein-Friesian","2",28,45,"91460423","1"
"193","Holstein-Friesian","1",16.6,14,"91460437","1"
"194","Holstein-Friesian","1",16.2,28,"91460440","1"
"195","Holstein-Friesian","1",25.6,55,"91460441","1"
"196","Holstein-Friesian","1",15.8,572,"91460447","0"
"197","Holstein-Friesian","1",14.6,30,"111290528","1"
"198","Friesian","3",16,90,"112880404","1"
"199","Friesian","3",30.1,674,"118060004","1"
"200","Friesian","3",22.6,707,"118210056","1"
"201","Jersey","2",23.6,70,"127040509","1"
"202","Jersey","2",19,140,"138910515","1"
"203","Friesian","1",14.7,55,"318210451","1"
"204","Friesian","5",36.3,614,"318410388","0"
"205","Friesian","6",26.9,20,"318410405","0"
"206","Friesian","6",26.8,405,"318410411","1"
"207","Friesian","5",17.3,672,"318410501","1"
"208","Friesian","5",38.9,83,"318410502","1"
"209","Friesian","4",30,1113,"318410520","1"
"210","Friesian","4",40.9,106,"318410534","0"
"211","Friesian","4",24.8,758,"318410535","1"
"212","Friesian","2",20.1,152,"318410551","1"
"213","Friesian","3",40.2,172,"318410555","0"
"214","Friesian","3",40.2,2069,"318410557","1"
"215","Friesian","2",23.4,135,"318410558","1"
"216","Friesian","2",32.7,34,"318410569","0"
"217","Friesian","2",22,156,"318410580","1"
"218","Friesian","3",36.5,463,"318410581","1"
"219","Friesian","2",29.1,352,"318410588","1"
"220","Friesian","2",30.9,147,"318410589","0"
"221","Friesian","2",22.8,264,"318410596","1"
"222","Friesian","2",37.3,356,"318410624","1"
"223","Friesian","2",32.5,56,"318410627","1"
"224","Friesian","1",29.3,29,"318410628","1"
"225","Friesian","1",26.3,179,"318410629","1"
"226","Friesian","1",37.7,87,"318410634","1"
"227","Friesian","1",20.2,187,"318410636","0"
"228","Friesian","1",27,27,"318410637","1"
"229","Friesian","1",28.3,81,"318410640","1"
"230","Friesian","1",29.6,25,"318410642","1"
"231","Friesian","1",33,88,"318410643","1"
"232","Friesian","1",32.7,66,"318410652","0"
"233","Friesian","5",33.6,27,"318570379","0"
"234","Friesian","4",23,364,"318570420","0"
"235","Friesian","4",33.2,145,"318570429","1"
"236","Guernsey","6",14.8,2265,"320150411","1"
"237","Friesian","6",28.2,448,"320150471","1"
"238","Friesian","4",18.8,337,"320150509","1"
"239","Friesian","4",30.8,1134,"320150519","1"
"240","Friesian","4",28,87,"320150529","1"
"241","Friesian","4",29.4,290,"320150550","1"
"242","Friesian","3",6.4,677,"320150558","1"
"243","Friesian","3",27.6,975,"320150567","1"
"244","Friesian","3",28,32,"320150584","0"
"245","Friesian","3",31.6,132,"320150586","1"
"246","Friesian","2",15.8,130,"320150592","1"
"247","Friesian","3",18,370,"320150595","1"
"248","Friesian","2",16.2,257,"320150596","1"
"249","Friesian","3",32.2,40,"320150597","1"
"250","Friesian","3",22.8,0,"320150604","0"
"251","Friesian","2",20.8,800,"320150605","0"
"252","Friesian","2",26,516,"320150606","0"
"253","Friesian","2",18.2,223,"320150616","0"
"254","Friesian","2",24.4,114,"320150617","1"
"255","Friesian","2",21,730,"320150623","1"
"256","Friesian","1",16.4,58,"320150631","1"
"257","Friesian","1",19.8,595,"320150635","1"
"258","Friesian","1",14.6,236,"320150637","1"
"259","Friesian","2",19,62,"320150638","1"
"260","Friesian","2",24.2,445,"320150639","0"
"261","Friesian","1",21.8,99,"320150663","1"
"262","Friesian","1",16.8,231,"320150665","0"
"263","Friesian","1",9.7,75,"320150666","0"
"264","Friesian","1",13.8,47,"320150667","0"
"265","Friesian","1",14.8,383,"320150668","1"
"266","Friesian","2",24,184,"320150669","1"
"267","Friesian","1",7,426,"320150670","0"
"268","Friesian","1",19.8,99,"320150671","1"
"269","Friesian","1",14.8,129,"320150672","1"
"270","Friesian","1",18,2844,"320150695","1"
"271","Holstein-Friesian","1",18.8,70,"327011129","1"
"272","Friesian","4",20.2,124,"328390721","1"
"273","Friesian","4",17.1,230,"328390726","1"
"274","Friesian","4",18.7,1063,"328390730","0"
"275","Friesian","4",21.9,63,"328390734","1"
"276","Friesian","3",11.7,414,"328390735","0"
"277","Friesian","3",27.2,1212,"328390744","0"
"278","Friesian","4",18.8,1483,"328390746","0"
"279","Friesian","3",22.6,171,"328390749","1"
"280","Friesian","3",14.2,458,"328390750","0"
"281","Friesian","2",5.8,1347,"328390753","0"
"282","Friesian","3",13.5,146,"328390754","1"
"283","Friesian","3",8.6,969,"328390757","1"
"284","Friesian","1",6.4,287,"328390762","1"
"285","Friesian","3",18.5,2259,"328390766","1"
"286","Friesian","2",7.1,271,"328390773","1"
"287","Guernsey","3",21.4,151,"328390778","1"
"288","Friesian","4",14.3,1574,"328390780","0"
"289","Friesian","2",23,78,"328390781","0"
"290","Friesian","2",19.9,78,"328390787","1"
"291","Friesian","2",14.3,470,"328390793","1"
"292","Friesian","2",24.3,473,"328390798","0"
"293","Friesian","2",22.5,15,"328390799","1"
"294","Friesian","2",11.3,786,"328390936","1"
"295","Friesian","1",11.8,75,"328390970","1"
"296","Friesian","2",18,97,"328390971","0"
"297","Friesian","1",4.9,370,"328390972","1"
"298","Friesian","2",12.1,117,"328390977","1"
"299","Friesian","2",20.6,780,"328390980","1"
"300","Friesian","2",6.3,185,"328391001","0"
"301","Friesian","1",14.4,420,"328391003","1"
"302","Friesian","2",28.9,94,"328391004","1"
"303","Friesian","2",31.6,2557,"328391006","1"
"304","Friesian","2",22.6,119,"328391008","1"
"305","Guernsey","1",19,50,"328391012","1"
"306","Guernsey","1",14,51,"328391013","0"
"307","Friesian","1",12.6,77,"328391014","1"
"308","Friesian","1",14.3,3936,"328391015","1"
"309","Friesian","1",20.7,77,"328391016","0"
"310","Friesian","1",15.9,81,"328391017","1"
"311","Friesian","1",24,35,"328391018","1"
"312","Friesian","1",19.5,124,"328391020","1"
"313","Friesian","1",19,2726,"328391021","1"
"314","Friesian","1",18.6,14,"328391024","1"
"315","Friesian","1",16.6,501,"328391027","1"
"316","Friesian","1",16,30,"328391029","1"
"317","Friesian","1",22.3,170,"328391030","0"
"318","Friesian","1",20.5,49,"328391032","0"
"319","Friesian","1",21.8,45,"328391033","0"
"320","Friesian","1",10.1,113,"328391034","0"
"321","Friesian","1",16.2,210,"328391035","1"
"322","Guernsey","1",21.3,27,"328391036","1"
"323","Friesian","1",20.1,90,"328391037","0"
"324","Friesian","2",17,115,"332380475","1"
"325","Friesian","2",23.4,97,"332380499","1"
"326","Friesian","1",13.3,205,"332380562","1"
"327","Friesian","1",14.5,5813,"332380576","1"
"328","Friesian","1",16.7,147,"332380578","1"
"329","Friesian","1",16.1,141,"339700185","1"
"330","Friesian","1",14.1,1068,"345380494","0"
"331","Friesian","3",12.7,224,"351540508","0"
"332","Guernsey","4",9.6,152,"354560688","0"
"333","Friesian","4",14,605,"354560698","1"
"334","Friesian","4",13.3,235,"354560702","1"
"335","Friesian","4",26.5,28,"354560716","0"
"336","Friesian","3",20,433,"354560739","0"
"337","Friesian","4",21.6,894,"354560740","0"
"338","Friesian","4",22.3,218,"354560754","1"
"339","Friesian","3",8.9,319,"354560763","1"
"340","Guernsey","3",20.9,139,"354560764","0"
"341","Friesian","3",19.6,78,"354560772","1"
"342","Friesian","3",20.3,340,"354560774","0"
"343","Friesian","3",19.2,119,"354560775","0"
"344","Friesian","3",16.4,181,"354560793","1"
"345","Friesian","2",6.9,342,"354560801","1"
"346","Friesian","3",17,181,"354560809","1"
"347","Friesian","2",20.6,64,"354560810","1"
"348","Friesian","3",29.7,323,"354560821","1"
"349","Friesian","2",13.7,389,"354560823","1"
"350","Friesian","2",18.2,102,"354560825","1"
"351","Friesian","2",18.1,114,"354560826","1"
"352","Friesian","2",17.3,151,"354560830","1"
"353","Friesian","2",28.9,20,"354560836","1"
"354","Friesian","2",27.5,18,"354560837","1"
"355","Friesian","2",28.7,207,"354560843","0"
"356","Friesian","2",14.9,36,"354560845","1"
"357","Friesian","2",32.6,81,"354560846","0"
"358","Friesian","1",23.2,290,"354560849","0"
"359","Friesian","2",21.4,52,"354560851","1"
"360","Friesian","2",8.2,304,"354560853","0"
"361","Friesian","2",10.8,425,"354560856","1"
"362","Friesian","2",15.7,467,"354560874","1"
"363","Friesian","1",16.1,26,"354560879","1"
"364","Friesian","1",17.9,16,"354560890","1"
"365","Friesian","1",13.2,377,"354560891","1"
"366","Friesian","2",27.1,580,"354560893","0"
"367","Friesian","2",16.5,146,"354560901","1"
"368","Friesian","1",16.9,37,"354560907","0"
"369","Friesian","1",14,21,"354560910","1"
"370","Friesian","1",17.6,17,"354560911","1"
"371","Friesian","1",13.7,36,"354560912","1"
"372","Friesian","1",7.9,58,"354560915","0"
"373","Friesian","1",18.3,22,"354560916","1"
"374","Friesian","1",14.3,351,"354560924","1"
"375","Friesian","1",21.4,11,"354560926","0"
"376","Friesian","1",14.6,137,"354560932","0"
"377","Friesian","1",19.5,297,"354560935","1"
"378","Friesian","1",14.1,237,"354560936","1"
"379","Friesian","1",14.4,115,"354560938","0"
"380","Friesian","1",12.8,15,"354560941","1"
"381","Friesian","1",16.9,123,"354560942","1"
"382","Friesian","1",13.3,103,"354560944","1"
"383","Friesian","1",14.4,805,"354560951","1"
"384","Friesian","1",22.1,48,"354560952","1"
"385","Friesian","1",19.8,93,"354560958","1"
"386","Friesian","1",17.9,14,"354560960","1"
"387","Friesian","1",16.9,89,"354560961","1"
"388","Friesian","1",11.8,28,"354560966","1"
"389","Friesian","2",14.2,21,"354590087","0"
"390","Holstein-Friesian","1",12.1,44,"354680623","0"
"391","Friesian","3",23.3,653,"369390516","0"
"392","Friesian","4",13.6,99,"385610879","1"
"393","Friesian","4",18,270,"400840131","1"
"394","Holstein-Friesian","6",29.4,260,"421260498","1"
"395","Holstein-Friesian","2",16.2,150,"421310407","1"
"396","Holstein-Friesian","3",15.2,100,"423790555","1"
"397","Holstein-Friesian","3",20.4,170,"423790573","0"
"398","Holstein-Friesian","2",14.4,300,"423790615","1"
"399","Holstein-Friesian","2",11.8,310,"423790621","1"
"400","Holstein-Friesian",NA,19.6,40,"423790725","0"
"401","Holstein-Friesian","1",15.4,40,"423790726","1"
"402","Friesian","5",25.6,30,"433690507","0"
"403","Guernsey","4",20.6,250,"433690547","1"
"404","Friesian","4",19.2,360,"433690554","0"
"405","Friesian","5",30,180,"433690564","1"
"406","Friesian","4",26.4,1160,"433690568","0"
"407","Friesian","2",19.8,300,"433690615","1"
"408","Guernsey","3",11,1420,"433690619","0"
"409","Friesian","4",25,3250,"433690620","1"
"410","Friesian","3",24.6,370,"433690644","1"
"411","Friesian","2",18.4,100,"433690646","1"
"412","Friesian","3",30.8,100,"433690653","1"
"413","Friesian","2",10.2,290,"433690657","1"
"414","Friesian","2",16.4,70,"433690662","0"
"415","Friesian","2",24.6,520,"433690674","1"
"416","Friesian","2",23.2,80,"433690681","1"
"417","Friesian","2",25.4,450,"433690682","1"
"418","Friesian","3",24.8,790,"433690687","1"
"419","Guernsey","2",16.8,40,"433690695","1"
"420","Friesian","2",21.2,510,"433690698","1"
"421","Friesian","2",21.4,590,"433690712","1"
"422","Guernsey","2",21.6,20,"433690714","1"
"423","Guernsey","2",18,2700,"433690722","1"
"424","Friesian","1",13.2,70,"433690724","0"
"425","Guernsey","1",9,80,"433690731","1"
"426","Guernsey","1",13.6,60,"433690742","1"
"427","Guernsey","1",17.6,280,"433690746","1"
"428","Guernsey","1",20.2,20,"433690750","0"
"429","Guernsey","2",19.2,460,"433690753","1"
"430","Guernsey","1",15.7,20,"433690754","1"
"431","Friesian","1",17.8,30,"433690755","0"
"432","Guernsey","1",15.8,750,"433690757","1"
"433","Friesian","1",16.2,100,"433690761","1"
"434","Guernsey","1",24.4,20,"433690764","0"
"435","Friesian","1",20.8,30,"433690767","1"
"436","Friesian","1",20.6,80,"433690780","1"
"437","Friesian","3",26,40,"433690785","1"
"438","Friesian","1",17.2,80,"433690790","1"
"439","Friesian","1",21.4,120,"433690809","0"
"440","Friesian","3",15,370,"433690810","1"
"441","Friesian","1",23.8,530,"433690825","1"
"442","Holstein-Friesian","5",27.4,10,"435170480","1"
"443","Holstein-Friesian","2",21.4,10,"435170579","0"
"444","Guernsey","1",18.2,5300,"439650705","1"
"445","Friesian","8",34,1070,"442440333","1"
"446","Friesian","8",30.8,40,"442440371","1"
"447","Friesian","6",29.4,120,"442440414","0"
"448","Friesian","5",22,110,"442440476","1"
"449","Guernsey","4",13.6,710,"442440491","0"
"450","Friesian","4",22.4,60,"442440506","0"
"451","Friesian","4",30,50,"442440511","1"
"452","Friesian","3",9.3,630,"442440516","1"
"453","Friesian","3",24.5,80,"442440519","0"
"454","Friesian","4",24,110,"442440525","1"
"455","Friesian","3",18.2,80,"442440534","0"
"456","Friesian","3",15.8,250,"442440541","1"
"457","Friesian","3",22.6,50,"442440549","1"
"458","Friesian","3",28.8,1090,"442440551","1"
"459","Friesian","3",23.4,110,"442440552","1"
"460","Friesian","3",21.2,160,"442440557","1"
"461","Friesian","2",13.8,230,"442440558","0"
"462","Friesian","3",39.1,90,"442440561","1"
"463","Friesian","3",25.6,40,"442440564","1"
"464","Friesian","2",13.3,240,"442440567","1"
"465","Friesian","2",19,480,"442440576","1"
"466","Guernsey","2",24.6,50,"442440579","1"
"467","Friesian","2",27.2,120,"442440587","1"
"468","Friesian","2",21.7,40,"442440592","1"
"469","Friesian","2",21.4,40,"442440596","1"
"470","Friesian","1",13.9,150,"442440622","1"
"471","Guernsey","1",21.4,30,"442440624","0"
"472","Friesian","1",19,160,"442440625","1"
"473","Friesian","1",9.9,170,"442440626","1"
"474","Friesian","1",21.2,80,"442440627","1"
"475","Friesian","1",19.7,40,"442440629","1"
"476","Friesian","1",23.2,40,"442440630","1"
"477","Friesian","1",18,110,"442440631","0"
"478","Guernsey","1",25,40,"442440632","1"
"479","Friesian","1",23.6,10,"442440633","1"
"480","Friesian","1",20.8,90,"442440634","0"
"481","Friesian","1",23.6,10,"442440635","1"
"482","Friesian","1",20.4,100,"442440637","0"
"483","Friesian","1",19,60,"442440638","1"
"484","Holstein-Friesian","1",14.4,550,"442580524","1"
"485","Holstein-Friesian","2",19.2,70,"451180055","1"
"486","Friesian","7",27.4,1020,"455260888","1"
"487","Friesian","6",17.8,410,"455260907","0"
"488","Friesian","6",21.9,8100,"455260932","1"
"489","Friesian","6",18.9,720,"455260982","1"
"490","Friesian","5",18.7,530,"455261056","1"
"491","Friesian","5",9.1,1130,"455261068","1"
"492","Friesian","5",19.7,260,"455261089","1"
"493","Friesian","5",11.8,180,"455261091","1"
"494","Friesian","5",29.3,30,"455261104","0"
"495","Friesian","5",23.2,40,"455261120","1"
"496","Friesian","5",24.2,130,"455261134","1"
"497","Friesian","5",30.8,50,"455261163","1"
"498","Friesian","4",18.8,90,"455261167","0"
"499","Friesian","3",4.1,1680,"455261170","0"
"500","Friesian","5",43.1,50,"455261171","1"
"501","Friesian","4",32.6,30,"455261198","0"
"502","Friesian","4",19.5,3330,"455261205","1"
"503","Friesian","4",25.4,680,"455261209","0"
"504","Friesian","4",31.1,190,"455261224","0"
"505","Friesian","4",24.9,1670,"455261237","1"
"506","Friesian","4",29.4,2340,"455261250","0"
"507","Friesian","3",13.8,720,"455261257","0"
"508","Friesian","4",22.8,3930,"455261261","1"
"509","Friesian","3",24.8,350,"455261293","1"
"510","Guernsey","4",23,130,"455261322","1"
"511","Guernsey","3",24.7,450,"455261325","1"
"512","Friesian","3",26.4,410,"455261343","1"
"513","Guernsey","3",10.9,130,"455261344","1"
"514","Guernsey","3",22.1,160,"455261358","0"
"515","Friesian","3",25.8,30,"455261361","1"
"516","Guernsey","3",25,140,"455261363","0"
"517","Friesian","3",20.8,60,"455261367","1"
"518","Guernsey","3",28.6,540,"455261376","0"
"519","Guernsey","3",27,40,"455261378","1"
"520","Guernsey","3",25.8,30,"455261381","1"
"521","Guernsey","2",20,260,"455261383","1"
"522","Friesian","3",21.3,620,"455261385","1"
"523","Guernsey","3",22.1,1670,"455261390","1"
"524","Guernsey","3",24,340,"455261392","1"
"525","Guernsey","2",22.9,180,"455261400","1"
"526","Guernsey","2",22.7,150,"455261405","1"
"527","Guernsey","2",4.8,1620,"455261406","1"
"528","Guernsey","3",22.7,1150,"455261408","0"
"529","Guernsey","2",19.6,70,"455261411","0"
"530","Friesian","2",11.2,150,"455261414","0"
"531","Guernsey","2",21.8,770,"455261415","1"
"532","Guernsey","3",26.9,90,"455261419","1"
"533","Guernsey","2",19.4,140,"455261422","1"
"534","Guernsey","3",24.8,60,"455261426","1"
"535","Guernsey","2",20,70,"455261428","1"
"536","Guernsey","2",25.9,70,"455261435","1"
"537","Guernsey","2",28.1,20,"455261441","1"
"538","Guernsey","2",27.2,20,"455261442","1"
"539","Guernsey","2",17.9,20,"455261444","1"
"540","Guernsey","2",17.5,30,"455261445","1"
"541","Guernsey","2",15.4,1000,"455261446","0"
"542","Guernsey","2",31.3,10,"455261448","0"
"543","Guernsey","2",29.8,460,"455261449","1"
"544","Guernsey","2",24.7,70,"455261452","1"
"545","Guernsey","2",13.4,610,"455261454","1"
"546","Guernsey","2",18.4,50,"455261457","1"
"547","Guernsey","2",20.7,200,"455261458","0"
"548","Guernsey","2",22.5,60,"455261464","0"
"549","Guernsey","2",19,1790,"455261473","1"
"550","Guernsey","2",25.7,70,"455261477","1"
"551","Guernsey","2",18.8,3370,"455261480","0"
"552","Guernsey","2",26.6,1060,"455261483","1"
"553","Guernsey","2",26.7,50,"455261484","0"
"554","Guernsey","2",23.5,950,"455261486","0"
"555","Guernsey","1",7.5,490,"455261492","1"
"556","Guernsey","2",28.7,50,"455261501","1"
"557","Guernsey","2",28.2,80,"455261508","1"
"558","Guernsey","2",27.5,400,"455261509","0"
"559","Guernsey","2",17.7,200,"455261512","0"
"560","Guernsey","2",23,120,"455261515","1"
"561","Guernsey","2",25,20,"455261518","1"
"562","Guernsey","1",20.9,10,"455261522","1"
"563","Guernsey","1",17,40,"455261525","1"
"564","Guernsey","1",21.7,10,"455261526","1"
"565","Guernsey","2",26.2,30,"455261528","1"
"566","Guernsey","1",16.4,50,"455261537","1"
"567","Guernsey","1",17.2,240,"455261539","0"
"568","Guernsey","2",19.4,130,"455261541","1"
"569","Guernsey","1",17.4,120,"455261547","1"
"570","Guernsey","1",11.5,170,"455261548","0"
"571","Guernsey","1",15.6,90,"455261557","1"
"572","Guernsey","1",7.5,40,"455261564","1"
"573","Guernsey","1",14.1,30,"455261569","1"
"574","Guernsey","1",17.3,270,"455261571","1"
"575","Guernsey","1",21.1,170,"455261572","1"
"576","Guernsey","1",14.2,20,"455261579","1"
"577","Guernsey","1",22.8,10,"455261580","0"
"578","Guernsey","1",15.4,30,"455261586","1"
"579","Guernsey","1",21.9,50,"455261599","1"
"580","Guernsey","1",24,30,"455261603","1"
"581","Guernsey","1",15.2,250,"455261611","1"
"582","Guernsey","1",24.4,70,"455261612","1"
"583","Guernsey","1",22.3,220,"455261616","1"
"584","Guernsey","1",11.5,90,"455261618","0"
"585","Guernsey","1",24.2,30,"455261622","1"
"586","Guernsey","1",21.4,40,"455261623","1"
"587","Guernsey","1",20.8,10,"455261624","1"
"588","Guernsey","1",16.4,150,"455261628","1"
"589","Guernsey","1",25.4,70,"455261632","0"
"590","Guernsey","1",28.2,40,"455261639","1"
"591","Friesian","1",18,360,"455261642","1"
"592","Guernsey","1",16.2,30,"455261645","1"
"593","Guernsey","1",22.2,20,"455261646","0"
"594","Guernsey","1",19.7,0,"455261647","1"
"595","Guernsey","1",23.1,0,"455261650","1"
"596","Friesian","5",26,640,"25930370","1"
"597","Holstein-Friesian","4",21.8,550,"25930381","1"
"598","Friesian","5",22.6,130,"57840463","1"
"599","Friesian","4",4.6,1520,"57840469","1"
"600","Guernsey","3",20.4,350,"57840496","1"
"601","Friesian","3",16.8,90,"57840499","1"
"602","Friesian","4",14,320,"57840503","1"
"603","Friesian","4",8.6,420,"57840504","1"
"604","Friesian","4",6.6,570,"57840506","0"
"605","Friesian","4",16.8,90,"57840517","0"
"606","Friesian","4",23.2,120,"57840518","1"
"607","Friesian","3",18.8,220,"57840551","1"
"608","Friesian","3",12.6,420,"57840554","0"
"609","Friesian","3",29,120,"57840574","1"
"610","Friesian","2",13,290,"57840578","1"
"611","Friesian","2",16.6,630,"57840580","1"
"612","Guernsey","2",14.2,240,"57840586","1"
"613","Friesian","2",14.8,330,"57840590","0"
"614","Friesian","2",18.6,120,"57840597","0"
"615","Friesian","2",22.4,130,"57840599","1"
"616","Friesian","1",8.4,220,"57840604","1"
"617","Friesian","2",26.6,110,"57840611","1"
"618","Friesian","2",20.6,90,"57840612","1"
"619","Friesian","2",20.6,430,"57840614","0"
"620","Guernsey","2",22.8,240,"57840617","1"
"621","Friesian","1",18.2,60,"57840620","1"
"622","Friesian","1",17,100,"57840628","0"
"623","Friesian","2",21,190,"57840629","0"
"624","Friesian","1",24.2,2810,"57840632","1"
"625","Friesian","2",22.6,70,"57840636","1"
"626","Friesian","2",22.2,60,"57840637","1"
"627","Friesian","1",14.4,30,"57840643","0"
"628","Friesian","1",19.4,160,"57840644","0"
"629","Friesian","1",25.6,110,"57840645","0"
"630","Friesian","1",14.2,2050,"57840646","1"
"631","Friesian","1",21,60,"57840647","0"
"632","Friesian","1",19.6,230,"57840648","1"
"633","Friesian","1",20.4,50,"57840652","1"
"634","Friesian","1",20.6,40,"57840668","0"
"635","Friesian","1",25.4,440,"57840672","1"
"636","Friesian","1",24.6,100,"57840678","1"
"637","Friesian","1",22.4,20,"57840681","1"
"638","Friesian","1",19,50,"57840682","0"
"639","Friesian","1",17,310,"57840696","0"
"640","Jersey","4",19.6,100,"58650404","0"
"641","Jersey","4",17.4,1400,"58650405","1"
"642","Jersey","4",17.4,360,"58650420","1"
"643","Jersey","2",17.6,80,"58650477","1"
"644","Guernsey","6",20.6,850,"59520810","0"
"645","Guernsey","5",23.2,150,"59520903","1"
"646","Guernsey","4",16,550,"59520966","1"
"647","Guernsey","4",26.8,450,"59520971","0"
"648","Guernsey","4",16.4,140,"59520972","1"
"649","Guernsey","4",16.4,540,"59520984","1"
"650","Guernsey","4",23.4,90,"59520995","1"
"651","Guernsey","3",16,570,"59520998","1"
"652","Guernsey","3",32.4,130,"59521009","1"
"653","Guernsey","4",31,310,"59521012","1"
"654","Holstein-Friesian","4",17.6,460,"59521027","1"
"655","Guernsey","4",27,270,"59521046","1"
"656","Guernsey","3",20.4,130,"59521049","0"
"657","Holstein-Friesian","3",30.8,130,"59521050","1"
"658","Guernsey","3",12.8,1010,"59521063","1"
"659","Holstein-Friesian","3",18.8,330,"59521078","1"
"660","Guernsey","2",23.8,140,"59521079","1"
"661","Guernsey","3",19.4,180,"59521081","0"
"662","Guernsey","3",28.4,1680,"59521082","1"
"663","Guernsey","3",34.8,40,"59521085","1"
"664","Holstein-Friesian","3",26,140,"59521090","1"
"665","Guernsey","1",16.2,440,"59521103","1"
"666","Guernsey","2",19.6,230,"59521108","1"
"667","Guernsey","2",22,410,"59521129","1"
"668","Guernsey","2",25.4,30,"59521130","0"
"669","Holstein-Friesian","1",19.4,90,"59521135","0"
"670","Guernsey","1",14,70,"59521136","0"
"671","Guernsey","2",30,80,"59521141","1"
"672","Holstein-Friesian","2",27,20,"59521142","0"
"673","Holstein-Friesian","2",20.4,130,"59521145","1"
"674","Friesian","5",32.8,270,"59521146","0"
"675","Friesian","2",19.6,150,"59521147","1"
"676","Guernsey","1",14.2,130,"59521148","0"
"677","Holstein-Friesian","2",25.6,260,"59521153","1"
"678","Guernsey","2",17.4,3830,"59521154","0"
"679","Guernsey","1",14.2,120,"59521201","1"
"680","Holstein-Friesian","1",20.6,200,"59521202","1"
"681","Holstein-Friesian","2",26,110,"59521203","1"
"682","Holstein-Friesian","2",30.8,60,"59521204","1"
"683","Guernsey","2",24.8,510,"59521205","1"
"684","Guernsey","1",17.8,170,"59521206","1"
"685","Guernsey","2",23.4,100,"59521207","1"
"686","Holstein-Friesian","2",24.8,40,"59521208","1"
"687","Guernsey","1",18.2,200,"59521209","1"
"688","Guernsey","2",25.5,230,"59521211","0"
"689","Guernsey","1",20.4,30,"59521212","0"
"690","Guernsey","1",15,50,"59521214","1"
"691","Guernsey","1",19,80,"59521215","1"
"692","Holstein-Friesian","1",10.6,50,"59521216","1"
"693","Guernsey","1",17.8,20,"59521217","1"
"694","Guernsey","1",15.4,150,"59521218","1"
"695","Guernsey","1",18.9,20,"59521222","1"
"696","Guernsey","1",18.4,50,"59521223","1"
"697","Holstein-Friesian","1",15.2,180,"59521224","1"
"698","Guernsey","1",19.8,250,"59521227","1"
"699","Guernsey","1",22.2,30,"59521228","1"
"700","Guernsey","1",18.6,80,"59521229","0"
"701","Guernsey","1",24.2,60,"59521231","1"
"702","Guernsey","1",23.8,20,"59521233","1"
"703","Guernsey","1",18.2,90,"59521234","0"
"704","Guernsey","1",22,40,"59521235","1"
"705","Guernsey","1",23.4,50,"59521236","1"
"706","Holstein-Friesian","1",18,80,"59521237","0"
"707","Guernsey","1",19.4,10,"59521238","0"
"708","Guernsey","1",22.8,70,"59521239","1"
"709","Holstein-Friesian","1",17.8,50,"59521240","1"
"710","Holstein-Friesian","1",19.4,40,"59521241","1"
"711","Guernsey","1",19.4,300,"59521242","1"
"712","Guernsey","1",19,60,"59521245","1"
"713","Guernsey","1",24.2,10,"59521256","1"
"714","Guernsey","1",16.6,330,"59521263","1"
"715","Guernsey","1",23,130,"59521265","0"
"716","Guernsey","1",15,150,"59521274","1"
"717","Jersey","6",14.2,90,"60090367","1"
"718","Jersey","4",18.4,200,"60090424","1"
"719","Jersey","3",6.8,30,"60090450","1"
"720","Jersey","3",17.8,960,"60090453","1"
"721","Jersey","3",13.6,4070,"60090468","1"
"722","Jersey","3",19.2,200,"60090474","1"
"723","Jersey","2",11.8,120,"60090485","1"
"724","Jersey","2",6.4,590,"60090491","0"
"725","Jersey","2",14.4,100,"60090492","0"
"726","Jersey","2",15.8,20,"60090522","1"
"727","Jersey","1",15.2,320,"60090527","1"
"728","Holstein-Friesian","1",18.6,100,"60090563","1"
"729","Holstein-Friesian","1",23.6,10,"61870529","1"
"730","Holstein-Friesian","1",20.4,60,"61870563","0"
"731","Jersey","6",14.8,180,"62950341","1"
"732","Jersey","5",26,300,"62950356","1"
"733","Holstein-Friesian","7",19,560,"67360343","1"
"734","Holstein-Friesian","4",10.2,150,"67360354","1"
"735","Holstein-Friesian","6",20.6,600,"67360361","1"
"736","Holstein-Friesian","5",13.4,1330,"67360362","0"
"737","Holstein-Friesian","4",11.2,2600,"67360371","1"
"738","Holstein-Friesian","4",4.4,520,"67360373","1"
"739","Holstein-Friesian","4",12.6,80,"67360375","0"
"740","Holstein-Friesian","3",8.2,250,"67360386","0"
"741","Holstein-Friesian","3",4.8,420,"67360387","1"
"742","Holstein-Friesian","4",19.8,1560,"67360394","1"
"743","Holstein-Friesian","3",6.6,390,"67360395","1"
"744","Holstein-Friesian","2",17,190,"67360464","1"
"745","Holstein-Friesian","2",12.8,160,"67360465","1"
"746","Holstein-Friesian","2",11,380,"67360475","1"
"747","Holstein-Friesian","2",12,390,"67360477","1"
"748","Holstein-Friesian","1",7.4,80,"67360501","1"
"749","Holstein-Friesian","1",10.8,290,"67360502","1"
"750","Holstein-Friesian","1",13,120,"67360503","0"
"751","Holstein-Friesian","1",12.8,70,"67360504","1"
"752","Holstein-Friesian","2",3.2,420,"67360505","1"
"753","Holstein-Friesian","1",6.8,380,"67360507","1"
"754","Holstein-Friesian","1",11.8,140,"67360508","0"
"755","Holstein-Friesian","1",10.4,180,"67360509","0"
"756","Holstein-Friesian","1",10.6,600,"67360510","1"
"757","Holstein-Friesian","4",29.2,240,"69270359","1"
"758","Jersey","2",18,70,"70770377","1"
"759","Jersey","2",20,210,"70770396","1"
"760","Jersey","3",15.4,50,"79160381","0"
"761","Jersey","8",16.2,290,"81870316","0"
"762","Jersey","6",13.8,190,"86430401","1"
"763","Jersey","5",18.6,90,"86430445","0"
"764","Jersey","5",11.8,80,"86430455","1"
"765","Jersey","6",25.2,10,"86430464","1"
"766","Jersey","4",15.6,70,"86430485","1"
"767","Jersey","4",14.6,50,"86430493","1"
"768","Jersey","4",15.4,50,"86430500","1"
"769","Jersey","4",18,20,"86430509","0"
"770","Jersey","4",20.8,30,"86430520","0"
"771","Jersey","4",21.5,320,"86430531","1"
"772","Jersey","3",16.4,820,"86430538","0"
"773","Jersey","4",30.2,460,"86430539","1"
"774","Jersey","4",18,10,"86430544","0"
"775","Jersey","4",19.2,100,"86430548","0"
"776","Jersey","3",15.2,20,"86430580","0"
"777","Jersey","3",19,60,"86430583","0"
"778","Jersey","3",9.6,290,"86430588","1"
"779","Jersey","3",18.4,580,"86430590","1"
"780","Jersey","3",15,20,"86430594","1"
"781","Jersey","3",18.8,1,"86430598","0"
"782","Jersey","3",18.8,230,"86430603","1"
"783","Jersey","3",15.4,50,"86430607","0"
"784","Jersey","3",11,50,"86430612","1"
"785","Jersey","3",22,1,"86430625","1"
"786","Jersey","3",18.4,1060,"86430648","0"
"787","Jersey","2",17.6,150,"86430650","1"
"788","Jersey","2",14.6,110,"86430652","1"
"789","Jersey","2",9,270,"86430654","0"
"790","Jersey","3",21.8,40,"86430657","0"
"791","Jersey","2",15,410,"86430660","1"
"792","Jersey","2",19.4,300,"86430663","0"
"793","Jersey","2",12,350,"86430666","1"
"794","Jersey","2",21.2,10,"86430672","0"
"795","Jersey","2",11.2,180,"86430676","1"
"796","Jersey","2",23.2,140,"86430694","1"
"797","Jersey","2",14.4,30,"86430700","1"
"798","Jersey","1",13.6,40,"86430701","1"
"799","Jersey","1",13.6,520,"86430702","1"
"800","Jersey","1",9.8,490,"86430703","1"
"801","Jersey","2",19.9,30,"86430707","1"
"802","Jersey","1",17.6,30,"86430715","1"
"803","Jersey","1",13.6,70,"86430717","1"
"804","Jersey","1",15.8,270,"86430722","1"
"805","Jersey","1",13,280,"86430730","0"
"806","Jersey","1",19,30,"86430733","1"
"807","Jersey","1",14.8,100,"86430748","1"
"808","Jersey","1",15.8,120,"86430753","1"
"809","Jersey","1",16.2,40,"86430757","0"
"810","Jersey","1",16.4,30,"86430760","1"
"811","Jersey","1",17.4,270,"86430767","1"
"812","Jersey","8",14.6,421,"92040558","0"
"813","Guernsey","7",20.4,123,"92040639","1"
"814","Guernsey","5",21.8,963,"92040769","0"
"815","Guernsey","5",30.6,255,"92040786","1"
"816","Guernsey","4",15.4,915,"92040792","1"
"817","Guernsey","5",23.6,107,"92040795","0"
"818","Guernsey","4",24,436,"92040799","1"
"819","Guernsey","5",28.2,728,"92040801","1"
"820","Guernsey","5",16,660,"92040819","1"
"821","Guernsey","4",28.2,922,"92040826","1"
"822","Guernsey","4",23,1242,"92040839","1"
"823","Guernsey","4",23.4,5812,"92040848","0"
"824","Jersey","4",18,2357,"92040855","1"
"825","Jersey","4",16.4,340,"92040859","1"
"826","Jersey","3",11,462,"92040863","1"
"827","Guernsey","4",27,59,"92040865","1"
"828","Guernsey","3",20.8,105,"92040882","1"
"829","Guernsey","3",16.2,137,"92040893","1"
"830","Guernsey","3",28,64,"92040931","1"
"831","Jersey","3",11.2,24,"92040941","1"
"832","Guernsey","3",25,200,"92040947","1"
"833","Jersey","2",5,930,"92040955","1"
"834","Guernsey","2",23.2,34,"92040957","1"
"835","Jersey","2",14.4,28,"92040977","1"
"836","Guernsey","2",28,50,"92040983","0"
"837","Jersey","2",13.4,512,"92040985","1"
"838","Guernsey","2",11,1753,"92040991","1"
"839","Jersey","2",18.2,62,"92040997","1"
"840","Guernsey","2",19.4,910,"92040998","0"
"841","Jersey","2",21.8,88,"92041001","1"
"842","Jersey","2",18.4,835,"92041005","1"
"843","Guernsey","1",13.4,91,"92041012","1"
"844","Guernsey","2",26.8,93,"92041015","1"
"845","Guernsey","2",19.6,24,"92041016","0"
"846","Guernsey","2",16.2,22,"92041017","1"
"847","Guernsey","2",26,106,"92041024","1"
"848","Guernsey","2",21.2,10,"92041025","1"
"849","Guernsey","1",17,44,"92041027","0"
"850","Guernsey","2",15.8,40,"92041033","1"
"851","Guernsey","1",13.2,136,"92041043","1"
"852","Guernsey","1",16.6,203,"92041045","1"
"853","Guernsey","1",14.2,40,"92041049","1"
"854","Guernsey","1",16.4,76,"92041052","1"
"855","Jersey","1",13.2,36,"92041054","1"
"856","Guernsey","1",15.2,6195,"92041057","0"
"857","Jersey","1",12.6,138,"92041059","1"
"858","Guernsey","1",20.2,450,"92041062","1"
"859","Jersey","1",14.8,20,"92041063","0"
"860","Guernsey","1",22,22,"92041064","0"
"861","Jersey","1",17.2,137,"92041066","0"
"862","Jersey","1",9.6,44,"92041069","1"
"863","Guernsey","1",17,567,"92041070","0"
"864","Jersey","1",14,31,"92041074","1"
"865","Jersey","1",13.3,529,"92041076","1"
"866","Guernsey","1",18.4,45,"92041082","1"
"867","Guernsey","1",20.6,504,"92041085","1"
"868","Guernsey","1",16.8,32,"92041086","0"
"869","Jersey","1",16.8,15,"92041093","1"
"870","Guernsey","1",17.2,29,"92041098","0"
"871","Guernsey","1",21.6,50,"92041099","1"
"872","Friesian","6",24.4,250,"92900442","1"
"873","Friesian","2",26.6,203,"103960619","1"
"874","Friesian","7",29.8,2708,"112580333","1"
"875","Friesian","5",32.4,873,"112580421","1"
"876","Friesian","5",12,173,"112580431","1"
"877","Friesian","4",30,459,"112580502","0"
"878","Friesian","4",34.4,202,"112580511","1"
"879","Friesian","4",30,352,"112580526","1"
"880","Guernsey","3",38.8,947,"112580540","0"
"881","Friesian","3",26,186,"112580548","1"
"882","Friesian","3",30,73,"112580553","0"
"883","Guernsey","3",28.2,171,"112580554","0"
"884","Friesian","3",40.6,46,"112580559","0"
"885","Friesian","3",28,119,"112580561","0"
"886","Friesian","3",31.6,944,"112580564","1"
"887","Friesian","2",14.2,155,"112580572","1"
"888","Friesian","3",22.6,167,"112580578","1"
"889","Friesian","2",14.8,175,"112580582","1"
"890","Holstein-Friesian","2",19,261,"112580585","1"
"891","Friesian","3",28,190,"112580592","0"
"892","Friesian","3",22.8,3418,"112580595","1"
"893","Friesian","2",9.6,1613,"112580597","0"
"894","Friesian","3",32.8,240,"112580599","1"
"895","Friesian","2",21.8,544,"112580687","1"
"896","Friesian","2",19.8,193,"112580688","1"
"897","Friesian","2",21.8,696,"112580689","1"
"898","Friesian","2",13.2,312,"112580703","1"
"899","Friesian","2",30.4,262,"112580706","1"
"900","Friesian","2",18.8,155,"112580707","1"
"901","Friesian","2",32,438,"112580708","0"
"902","Friesian","2",14.6,184,"112580709","1"
"903","Friesian","2",31.2,536,"112580710","0"
"904","Friesian","2",26.8,67,"112580711","1"
"905","Friesian","2",22.2,108,"112580712","0"
"906","Friesian","1",20,190,"112580766","1"
"907","Guernsey","1",17,33,"112580767","1"
"908","Friesian","1",20.4,2001,"112580768","1"
"909","Friesian","2",19,164,"112580769","1"
"910","Friesian","2",28.8,188,"112580770","1"
"911","Friesian","1",22.8,768,"112580775","1"
"912","Friesian","1",21.6,27,"112580777","1"
"913","Friesian","1",17.6,499,"112580778","1"
"914","Friesian","2",18.8,456,"112580780","0"
"915","Friesian","1",22.6,131,"112580825","1"
"916","Friesian","1",6,7977,"112580828","1"
"917","Friesian","1",16.4,154,"112580830","1"
"918","Friesian","1",23,189,"112580834","1"
"919","Friesian","1",25.4,62,"112580835","1"
"920","Friesian","1",24.4,330,"112580838","1"
"921","Friesian","1",24.6,43,"112580842","1"
"922","Friesian","1",29.2,39,"112580843","0"
"923","Friesian","1",23.6,162,"112580845","1"
"924","Friesian","1",25.3,60,"112580847","1"
"925","Guernsey","1",21.6,703,"112580848","1"
"926","Friesian","1",21,37,"112580849","0"
"927","Friesian","1",24.8,19,"112580850","1"
"928","Friesian","1",17.8,467,"112580851","0"
"929","Guernsey","1",28,160,"112580854","0"
"930","Friesian","1",21.6,47,"112580856","1"
"931","Friesian","1",12.8,221,"112580857","1"
"932","Friesian","1",30.8,79,"112580859","1"
"933","Guernsey","1",27.8,269,"112580862","1"
"934","Friesian","1",8.8,132,"112580863","1"
"935","Friesian","1",18.7,170,"112580864","1"
"936","Friesian","1",28.6,98,"112580878","0"
"937","Friesian","1",28.4,119,"112580880","1"
"938","Friesian","2",17.2,152,"112581006","1"
"939","Friesian","1",12.1,480,"113850785","0"
"940","Friesian","1",21.6,52,"117560061","1"
"941","Guernsey","5",27.2,154,"117880586","1"
"942","Guernsey","4",12.6,305,"117880621","1"
"943","Guernsey","4",18.6,364,"117880635","1"
"944","Guernsey","4",22.8,49,"117880639","1"
"945","Guernsey","4",24.4,81,"117880643","1"
"946","Guernsey","4",22.6,3203,"117880656","1"
"947","Guernsey","4",29,105,"117880662","0"
"948","Guernsey","3",31.7,17,"117880682","0"
"949","Guernsey","3",21.8,85,"117880688","1"
"950","Guernsey","3",16,326,"117880689","1"
"951","Guernsey","3",25.6,28,"117880691","1"
"952","Guernsey","3",25.4,84,"117880701","0"
"953","Guernsey","3",25.8,38,"117880717","1"
"954","Guernsey","3",25,48,"117880733","0"
"955","Guernsey","2",11.1,260,"117880743","1"
"956","Guernsey","2",20.5,99,"117880746","1"
"957","Guernsey","2",19.7,138,"117880756","1"
"958","Guernsey","2",22.8,164,"117880759","1"
"959","Guernsey","2",24.6,35,"117880761","1"
"960","Guernsey","2",15.6,1698,"117880762","1"
"961","Guernsey","2",12.5,110,"117880763","1"
"962","Guernsey","2",22,23,"117880764","1"
"963","Guernsey","2",24.9,37,"117880765","1"
"964","Guernsey","2",26.6,20,"117880774","0"
"965","Guernsey","2",23.5,21,"117880779","0"
"966","Guernsey","1",6,185,"117880780","0"
"967","Guernsey","2",27,126,"117880783","1"
"968","Guernsey","1",16.8,257,"117880792","1"
"969","Guernsey","1",15,27,"117880795","1"
"970","Guernsey","1",18.6,69,"117880796","1"
"971","Guernsey","1",15.1,377,"117880799","1"
"972","Guernsey","1",17.2,125,"117880804","0"
"973","Guernsey","1",16.5,162,"117880808","0"
"974","Guernsey","1",14,44,"117880811","1"
"975","Guernsey","1",19.8,37,"117880814","1"
"976","Guernsey","1",20.2,31,"117880816","1"
"977","Guernsey","1",18.4,37,"117880817","1"
"978","Guernsey","1",16.7,20,"117880820","1"
"979","Guernsey","1",19,63,"117880832","1"
"980","Guernsey","1",17.6,1105,"117880833","1"
"981","Friesian","1",21,132,"129990040","0"
"982","Guernsey","5",29.2,110,"143030722","0"
"983","Friesian","2",21.4,120,"162420049","0"
"984","Friesian","2",15,150,"162420050","1"
"985","Guernsey","3",21,293,"214080438","1"
"986","Friesian","3",25.6,1878,"222510873","0"
"987","Friesian","3",33.8,44,"223130107","1"
"988","Friesian","3",21.4,88,"265350815","1"
"989","Guernsey","3",22,317,"292870819","1"
"990","Friesian","6",35,290,"293390424","1"
"991","Friesian","3",22,295,"294220487","0"
"992","Friesian","2",22.4,60,"303620653","1"
"993","Friesian","1",21.6,20,"316200527","0"
"994","Friesian","2",20.3,108,"318630045","0"
"995","Friesian","6",21.5,1999,"323720483","1"
"996","Friesian","5",29.5,310,"323720536","1"
"997","Friesian","5",35.1,160,"323720561","1"
"998","Friesian","4",26.2,199,"323720581","0"
"999","Friesian","3",25.8,560,"323720584","1"
"1000","Friesian","3",25.4,370,"323720604","1"
"1001","Friesian","3",17.4,49,"323720617","1"
"1002","Friesian","3",21.6,892,"323720618","0"
"1003","Friesian","3",38.3,1128,"323720629","1"
"1004","Friesian","3",34.7,848,"323720633","1"
"1005","Friesian","3",33,121,"323720634","1"
"1006","Friesian","2",29.2,228,"323720638","0"
"1007","Friesian","2",24.2,144,"323720658","1"
"1008","Friesian","1",16.3,1051,"323720659","0"
"1009","Friesian","2",24.4,841,"323720662","0"
"1010","Friesian","2",25.3,670,"323720663","0"
"1011","Friesian","2",26.2,50,"323720667","0"
"1012","Guernsey","2",19,4247,"323720668","0"
"1013","Friesian","2",28.4,64,"323720703","1"
"1014","Friesian","1",7.1,483,"323720705","1"
"1015","Friesian","2",25.2,42,"323720706","1"
"1016","Friesian","1",19.2,36,"323720711","0"
"1017","Friesian","1",23.2,327,"323720712","1"
"1018","Friesian","1",17.5,3235,"323720713","0"
"1019","Friesian","1",26.5,143,"323720715","0"
"1020","Friesian","1",22.4,75,"323720718","1"
"1021","Friesian","1",29.9,37,"323720722","1"
"1022","Friesian","1",17.4,30,"327430848","1"
"1023","Friesian","1",32.2,623,"334260562","0"
"1024","Friesian","2",23.8,293,"337640730","1"
"1025","Friesian","1",21.4,22,"337640770","1"
"1026","Holstein-Friesian","6",12.4,1035,"349800510","1"
"1027","Holstein-Friesian","6",25.8,659,"349800512","1"
"1028","Holstein-Friesian","5",24.8,857,"349800605","0"
"1029","Holstein-Friesian","4",20.6,291,"349800616","1"
"1030","Holstein-Friesian","4",14,249,"349800623","1"
"1031","Holstein-Friesian","4",27.8,1542,"349800625","1"
"1032","Holstein-Friesian","4",29.2,251,"349800631","1"
"1033","Holstein-Friesian","4",29.2,51,"349800639","1"
"1034","Holstein-Friesian","4",29.6,113,"349800641","1"
"1035","Holstein-Friesian","3",8.8,785,"349800643","0"
"1036","Holstein-Friesian","3",4.4,1030,"349800644","1"
"1037","Holstein-Friesian","3",28.2,147,"349800647","1"
"1038","Holstein-Friesian","3",16.8,1019,"349800648","0"
"1039","Holstein-Friesian","3",20.2,6247,"349800650","1"
"1040","Holstein-Friesian","3",16.6,98,"349800651","1"
"1041","Holstein-Friesian","3",21,145,"349800652","1"
"1042","Holstein-Friesian","3",22.2,580,"349800653","1"
"1043","Holstein-Friesian","3",21.4,1306,"349800654","0"
"1044","Holstein-Friesian","3",26.6,549,"349800655","0"
"1045","Holstein-Friesian","3",19,725,"349800664","1"
"1046","Holstein-Friesian","2",18,948,"349800665","1"
"1047","Holstein-Friesian","2",16.4,1025,"349800666","1"
"1048","Holstein-Friesian","2",21,629,"349800668","1"
"1049","Holstein-Friesian","2",19.6,55,"349800670","0"
"1050","Holstein-Friesian","2",19.8,505,"349800671","1"
"1051","Holstein-Friesian","2",17.8,324,"349800672","0"
"1052","Holstein-Friesian","1",13.4,220,"349800673","1"
"1053","Holstein-Friesian","1",14.4,105,"349800674","1"
"1054","Holstein-Friesian","2",23,67,"349800678","0"
"1055","Holstein-Friesian","2",9.4,446,"349800679","1"
"1056","Holstein-Friesian","2",18.6,242,"349800681","0"
"1057","Holstein-Friesian","2",20.8,48,"349800682","1"
"1058","Holstein-Friesian","2",26.8,202,"349800684","1"
"1059","Holstein-Friesian","1",15.4,15,"349800687","1"
"1060","Holstein-Friesian","1",15.4,20,"349800688","0"
"1061","Holstein-Friesian","1",15.8,31,"349800689","0"
"1062","Holstein-Friesian","1",17,73,"349800690","1"
"1063","Holstein-Friesian","1",18.6,88,"349800691","1"
"1064","Holstein-Friesian","1",8.8,496,"349800692","1"
"1065","Holstein-Friesian","1",16.4,62,"349800693","0"
"1066","Holstein-Friesian","1",13,556,"349800694","1"
"1067","Holstein-Friesian","1",17.8,497,"349800695","1"
"1068","Holstein-Friesian","1",18.4,113,"349800696","1"
"1069","Holstein-Friesian","1",20.8,110,"349800697","1"
"1070","Holstein-Friesian","1",20.6,121,"349800699","0"
"1071","Holstein-Friesian","1",18.4,15,"349800700","1"
"1072","Holstein-Friesian","1",20,22,"349800801","0"
"1073","Holstein-Friesian","1",20.8,16,"349800802","1"
"1074","Holstein-Friesian","1",24.2,35,"349800803","0"
"1075","Holstein-Friesian","1",14,216,"349800804","0"
"1076","Holstein-Friesian","1",17.2,51,"349800805","1"
"1077","Holstein-Friesian","1",14.6,85,"349800806","1"
"1078","Holstein-Friesian","1",20,3694,"349800807","1"
"1079","Holstein-Friesian","1",19.8,398,"349800809","0"
"1080","Friesian","7",31.4,47,"350690344","1"
"1081","Friesian","5",17,916,"350690357","0"
"1082","Friesian","6",31,72,"350690369","1"
"1083","Friesian","5",33.2,485,"350690377","1"
"1084","Guernsey","5",31,180,"350690402","1"
"1085","Friesian","4",31.6,205,"350690403","0"
"1086","Friesian","4",29.8,926,"350690406","0"
"1087","Guernsey","4",30.6,1513,"350690415","1"
"1088","Friesian","3",19.4,1006,"350690418","0"
"1089","Friesian","3",18,152,"350690419","1"
"1090","Guernsey","1",18.4,138,"350690432","0"
"1091","Friesian","2",21,293,"350690433","1"
"1092","Friesian","2",19.6,410,"350690434","1"
"1093","Friesian","2",21.8,142,"350690437","1"
"1094","Friesian","2",14.4,695,"350690438","1"
"1095","Friesian","2",22.4,502,"350690442","0"
"1096","Friesian","2",14.8,281,"350690443","0"
"1097","Friesian","1",19.6,69,"350690455","1"
"1098","Friesian","1",14.6,106,"350690456","1"
"1099","Friesian","1",16.2,308,"350690465","1"
"1100","Friesian","1",15.4,86,"350690466","0"
"1101","Friesian","1",17.6,351,"350690468","0"
"1102","Guernsey","1",19.8,28,"350690475","0"
"1103","Friesian","1",23.2,301,"350690476","0"
"1104","Friesian","1",21.2,246,"350690484","1"
"1105","Friesian","2",28.9,39,"351580736","0"
"1106","Friesian","1",19.8,110,"368560090","0"
"1107","Friesian","2",18.5,274,"370360441","1"
"1108","Friesian","2",13.1,812,"370360444","0"
"1109","Friesian","4",22,68,"391750569","0"
"1110","Friesian","5",27.6,2161,"411850844","1"
"1111","Friesian","2",20.2,221,"428270032","1"
"1112","Friesian","6",16.4,310,"439270605","1"
"1113","Friesian","3",16.8,952,"440321295","0"
"1114","Friesian","2",18.6,305,"440920039","1"
"1115","Friesian","3",31.4,2520,"446420765","0"
"1116","Friesian","4",41.8,90,"447400204","1"
"1117","Friesian","5",29.8,90,"447400215","1"
"1118","Friesian","4",36.4,160,"447400256","0"
"1119","Friesian","3",39.6,260,"447400262","1"
"1120","Friesian","3",22.6,730,"447400266","0"
"1121","Friesian","3",29.6,80,"447400267","1"
"1122","Friesian","3",25.2,270,"447400279","1"
"1123","Friesian","3",37.8,40,"447400294","0"
"1124","Friesian","2",17.8,500,"447400296","1"
"1125","Friesian","2",14,390,"447400297","1"
"1126","Friesian","1",15.6,100,"447400308","1"
"1127","Friesian","1",21.6,60,"447400311","0"
"1128","Friesian","1",20.4,40,"447400319","1"
"1129","Friesian","1",18.4,60,"447400320","1"
"1130","Friesian","1",20.2,270,"447400321","1"
"1131","Friesian","1",17.4,150,"447400322","1"
"1132","Friesian","1",20,140,"447400323","1"
"1133","Friesian","1",20.8,60,"447400324","1"
"1134","Friesian","1",22.4,100,"447400326","1"
"1135","Friesian","1",15.2,280,"447400327","1"
"1136","Friesian","1",19.4,90,"447400328","1"
"1137","Friesian","1",22.2,80,"447400329","1"
"1138","Guernsey","4",38.2,230,"452201582","1"
"1139","Friesian","4",31,110,"452201583","1"
"1140","Friesian","3",38,120,"452201818","0"
